Relevance Score,Keyword
10,dumpster rental near me
10,dumpsters near me for rent
10,dumpster rental
10,garbage dumpster rental
10,waste dumpster rental
10,rolloff dumpster rental
10,dumpster trailer rental
10,roll off rental
10,rolloff dumpsters for rent
10,10 yard dumpster rental
10,dumpster rental companies
10,dumpster rental services
10,cheapest dumpster rental near me
10,small dumpster rental
10,small trash dumpster rental
10,20 yard dumpster rental
10,dumpster trailer rental near me
10,dumpster rental services near me
10,20 yard roll off dumpster rental
10,affordable dumpster rental
10,roll off dumpster rental near me
10,dumpster rental cost
10,roll off rental near me
10,dumpster roll off rental near me
10,cheap dumpster rental
10,dumpster rental prices
10,30 yard dumpster rental
10,residential dumpster rental
10,15 yard dumpster rental
10,construction dumpster rental
10,dumpster rental prices near me
10,small dumpster rental near me
10,large dumpster rental
10,40 yard dumpster rental
10,big dumpster rental
10,trash dumpster rental
10,dumpster rental companies near me
10,roll off dumpster rental companies
10,same day dumpster rental
10,local dumpster rental
10,roll off dumpster rental prices
10,residential dumpster rental near me
10,concrete dumpster rental
10,roll off rental prices
10,commercial dumpster rental
10,roll off dumpster rental rates
10,commerce dumpster rental
10,construction dumpster rental near me
10,small dumpster rental cost
10,10 yard dumpster rental cost
10,yard waste dumpster rental
10,small dumpster rental prices
10,10 yard dumpster rental prices
10,10 yard roll off dumpster rental
10,rent construction dumpster near me
10,waste management roll off rental
10,renting a construction dumpster near me
10,trash dumpster rental near me
10,20 yard dumpster rental near me
10,rent trash dumpster near me
10,average dumpster rental cost
9,rolloff dumpster
9,rolloff dumpster near me
9,10 yard dumpster
9,10 yd dumpster
9,waste management dumpster rental
9,20 yard dumpster
9,20 yd dumpster
9,15 yard dumpster
9,30 yard dumpster
9,30 yd dumpster
9,roll off
9,40 yard dumpster
9,40 yd dumpster
9,bin there dump that dumpster rental
9,republic services dumpster rental
9,10 yard roll off dumpster
9,10 yd roll off
9,10 yard roll off
9,roll off containers
9,10 cubic yard dumpster
9,waste management dumpster rental near me
9,10 cy dumpster
9,roll off dumpster container
9,12 yard dumpster
9,roll off container rental
9,12 yd dumpster
9,rumpke dumpster rental
9,20 yard roll off dumpster
9,20 yd roll off dumpster
9,20 yard roll off
9,20 yd roll off
9,roll off dumpster 20 yard
9,roll off dumpster service
9,roll off service
9,american dumpster rental
9,waste management roll off dumpster rental
9,dumpster roll off service
9,waste management roll off dumpster
9,roll off dumpster prices
9,30 yard roll off dumpster
9,roll off dumpster cost
9,casella dumpster rental
9,roll off dumpster service near me
9,roll off service near me
9,asap dumpster rental
9,roll off dumpster 30 yard
8,trash dumpsters near me
8,concrete dumpsters near me
8,10 yard bin rental
8,local dumpster near me
8,trash container rental prices
8,garbage container rental price
8,waste dumpster near me
8,dumpster service
8,dumpster company near me
8,40 yard bin rental
8,yard waste dumpster near me
8,construction dumpsters near me
8,dumpster service near me
8,construction dumpster
8,dumpster cost
8,dumpster prices
8,dumpster near me prices
8,waste dumpster
8,dumpster delivery
8,concrete dumpster
8,residential dumpsters
8,dumpster services in my area
8,dumpster for yard waste
7,waste management bin rental
7,dumpster sizing
7,garbage bin rental
7,trash bin rental
7,trash container rental
7,garbage container rental
7,waste container rental
7,waste bin rental
7,trash can rental
7,trash rental
7,garbage rental
7,bin rental for garbage
7,rubbish container rental
7,rubbish bin rental
7,large trash container rental
7,construction debris container rental
7,bin rental
7,roll off dumpster sizes
7,2 yard dumpster rental
7,roll off sizes
7,5 yard dumpster rental
7,4 yard dumpster rental
7,6 yard dumpster rental
7,5 yd dumpster rental
7,bin rental near me
7,rent a bin near me
7,trash bin rental near me
7,3 yard dumpster rental
7,8 yard dumpster rental
7,garbage container rental near me
7,waste container rental near me
7,garbage containers for rent near me